Review,Sentiment
"Great movie, loved the acting and plot!",Positive
"Terrible movie, waste of time.",Negative
"Absolutely fantastic! Would watch again.",Positive
"Awful, boring, and predictable.",Negative
"Such a thrilling and captivating story!",Positive
"Disappointing, not what I expected.",Negative
"An emotional rollercoaster, loved it!",Positive
"Not worth the hype. Very slow.",Negative
"A masterpiece, one of the best I've seen.",Positive
"Don't waste your time, it's dreadful.",Negative
"Entertaining and full of twists.",Positive
"Quite boring and poorly executed.",Negative
"One of the best movies of the year!",Positive
"Terrible acting, couldn't watch till the end.",Negative
"Really enjoyed it, the action scenes were great!",Positive
"Horrible plot, bad pacing.",Negative
"Such a funny and heartwarming film!",Positive
"An awful experience, wouldn't recommend.",Negative
"A must-watch for action lovers!",Positive
"Just plain terrible, a waste of money.",Negative
"Great performances from the cast!",Positive
"Utterly forgettable and frustrating.",Negative
"Absolutely loved the visuals!",Positive
"Totally disappointing, I regret watching it.",Negative
"Awesome story, great direction!",Positive
"Awful, felt like it dragged on forever.",Negative
"Thrilling, emotional, and action-packed!",Positive
"Really disappointing, not worth the watch.",Negative
"A great story with beautiful cinematography!",Positive
"Terrible. The story was all over the place.",Negative
"Fantastic performances and a gripping story!",Positive
"Not a good movie, waste of time.",Negative
"Impressive film, highly recommended!",Positive
"Poorly executed, didn't enjoy it.",Negative
"Such a beautiful movie, had me in tears!",Positive
"Horrible, don’t waste your time.",Negative
"Captivating from start to finish!",Positive
"Very predictable and boring.",Negative
"Great, well-executed movie!",Positive
"Just awful, don’t even bother.",Negative
"Fantastic story, excellent cast!",Positive
"Not worth watching, very slow-paced.",Negative
"A thrilling experience, highly recommend.",Positive
"Completely forgettable, waste of time.",Negative
"Excellent movie, great plot twists!",Positive
"Poor acting and a weak plot.",Negative
"One of the best films of the year!",Positive
"Very boring, not entertaining at all.",Negative
"Wonderful film with great performances!",Positive
"A complete disappointment, don’t bother.",Negative
"An outstanding movie, loved every minute!",Positive
"Bad movie, didn’t enjoy it at all.",Negative
"An emotional and exciting journey!",Positive
"Boring and unoriginal.",Negative
"Totally engaging from start to finish!",Positive
"Terrible, couldn’t sit through it.",Negative
"One of the best movies I've seen this year!",Positive
"Completely awful, wouldn’t recommend.",Negative
"Fantastic movie, loved every second!",Positive
"Very disappointing, not worth your time.",Negative
"Absolutely stunning film, highly recommended!",Positive
"Not worth the hype, very dull.",Negative
"A must-see for action fans!",Positive
"Didn't enjoy it at all, very disappointing.",Negative
"Great movie, would definitely recommend.",Positive
"Awful movie, wouldn’t watch again.",Negative
"Absolutely loved it, one of the best.",Positive
"Totally boring, didn’t hold my interest.",Negative
"Fantastic acting and a gripping story!",Positive
"Very slow and uneventful.",Negative
"A truly remarkable film!",Positive
"Very disappointing, regret watching it.",Negative
"Wonderful performances and great direction!",Positive
"Bad pacing, felt like it dragged.",Negative
"Fantastic plot with unexpected twists!",Positive
"Not worth your time, very boring.",Negative
"Great acting, loved the characters!",Positive
"Completely uninteresting, don’t bother.",Negative
"Thoroughly enjoyed this movie!",Positive
"Disappointing, nothing new or exciting.",Negative
"A beautiful, emotional movie.",Positive
"Just dreadful, didn’t like it at all.",Negative
"Absolutely fantastic, a must-watch!",Positive
"Completely uninspired, very dull.",Negative
"One of the most entertaining films I've seen!",Positive
"Don’t waste your time, it’s terrible.",Negative
"A wonderful film, filled with heart.",Positive
"Awful movie, I was bored throughout.",Negative
"Great story and brilliant acting!",Positive
"Such a bad movie, wouldn’t recommend.",Negative
"Extremely well-made and entertaining!",Positive
"Boring, didn’t keep me engaged.",Negative
"An emotional and captivating story!",Positive
"Don’t waste your time, it’s bad.",Negative
"Fantastic movie with incredible characters!",Positive
"Terrible movie, waste of money.",Negative
"One of the best films of the decade!",Positive
"Awful, didn’t like it at all.",Negative
"A must-watch, you won’t regret it!",Positive
"Don’t even bother, it’s really bad.",Negative
"Such a good movie, highly recommend it!",Positive
"Very disappointing, wouldn’t recommend.",Negative
"Absolutely loved the movie, amazing!",Positive
"Very boring and uninspired.",Negative
"A fun and exciting movie, loved it!",Positive
"Awful, didn’t enjoy it one bit.",Negative
"Beautifully done, highly recommend it!",Positive
"Just awful, a total waste.",Negative
"Such a brilliant film, loved it!",Positive
"Very bad, don’t waste your time.",Negative
"One of the best movies of the year!",Positive
"Completely disappointing, wouldn’t watch again.",Negative
"Fantastic film with a great story!",Positive
"Terrible movie, wouldn’t recommend.",Negative
"Absolutely loved this movie, fantastic!",Positive
"Very slow and hard to follow.",Negative
"Engaging from start to finish!",Positive
"Not worth watching, very slow.",Negative
"Wonderful acting, loved the plot!",Positive
"Just bad, couldn’t enjoy it.",Negative
"Great movie, couldn’t stop watching!",Positive
"Totally boring, couldn’t finish it.",Negative
"Thrilling and suspenseful, loved it!",Positive
"Just didn’t enjoy it at all.",Negative
"Amazing story, well-directed!",Positive
"Really disappointing and dull.",Negative
"An outstanding movie with incredible acting!",Positive
"Totally uninteresting, don’t watch it.",Negative
"A great film, highly recommend it!",Positive
"Boring and way too long.",Negative
"One of the best I've seen in years!",Positive
"Awful movie, waste of time.",Negative
"Excellent movie, kept me hooked!",Positive
"Not worth your time, very dull.",Negative
"Absolutely loved it, must-see!",Positive
"Terrible movie, wouldn’t recommend.",Negative
"A fantastic, heartwarming movie!",Positive
"Awful movie, couldn’t get through it.",Negative
"One of the best thrillers I've seen!",Positive
"Not worth the hype, really bad.",Negative
"Excellent, must-see for any fan!",Positive
"Terrible movie, don’t waste your time.",Negative
"Fantastic film, loved the characters!",Positive
"Really disappointing, didn’t enjoy it.",Negative
"One of the best films I’ve seen this year!",Positive
"Completely unoriginal and dull.",Negative
"Great story, amazing actors!",Positive
"Not enjoyable at all, very boring.",Negative
"Absolutely amazing film, loved it!",Positive
"Very slow, couldn’t finish it.",Negative
"Fantastic plot with great twists!",Positive
"Totally forgettable, waste of time.",Negative
"An absolute masterpiece, loved it!",Positive
"Very disappointing, wouldn’t recommend.",Negative
